Tracking_ID,Tracking_Status,Tracking_DateTime,Tracking_Number,Currect_Location,Shipment_ID
TRK000001,Out for Delivery,2025-10-30 17:47:00,FLA152744700,Khon Kaen,SHP000001
TRK000002,Processing,2024-12-18 20:10:00,FLA517211356,Bangkok,SHP000002
TRK000003,Delivered,2022-06-21 21:47:00,FLA361166889,Phuket,SHP000003
TRK000004,At Warehouse,2024-05-10 09:24:00,THA193608010,Khon Kaen,SHP000004
TRK000005,Returned to Sender,2023-10-03 20:45:00,KER222397107,Nonthaburi,SHP000005
TRK000006,Processing,2022-07-23 13:13:00,FLA751034628,Distribution Center Bangkok,SHP000006
TRK000007,Delivered,2025-02-17 10:12:00,THA405623099,Khon Kaen,SHP000007
TRK000008,In Transit,2024-12-24 18:45:00,FLA856377931,Distribution Center Bangkok,SHP000008
TRK000009,In Transit,2023-03-19 19:46:00,THA932488597,Udon Thani,SHP000009
TRK000010,In Transit,2025-04-06 20:04:00,KER860196558,Hat Yai,SHP000010
TRK000011,Out for Delivery,2022-09-20 08:43:00,THA601585005,Distribution Center Bangkok,SHP000011
TRK000012,Returned to Sender,2025-04-16 19:34:00,FLA985710919,Phuket,SHP000012
TRK000013,Out for Delivery,2022-04-03 12:19:00,THA863128200,Bangkok,SHP000013
TRK000014,Returned to Sender,2022-09-30 20:42:00,THA917510869,Pattaya,SHP000014
TRK000015,Delivered,2024-06-14 15:05:00,KER735154195,Bangkok,SHP000015
TRK000016,Returned to Sender,2022-11-14 11:20:00,FLA365052283,Nonthaburi,SHP000016
TRK000017,At Warehouse,2024-01-06 19:41:00,THA158037913,Suvarnabhumi Airport Hub,SHP000017
TRK000018,Processing,2022-11-26 11:44:00,KER406818684,Hat Yai,SHP000018
TRK000019,Customs Clearance,2023-01-17 16:09:00,FLA512018054,Distribution Center Bangkok,SHP000019
TRK000020,Delivered,2022-11-21 17:28:00,KER911232684,Udon Thani,SHP000020
TRK000021,Out for Delivery,2024-01-16 13:41:00,FLA499556728,Phuket,SHP000021
TRK000022,Processing,2022-08-30 09:30:00,KER306236122,Suvarnabhumi Airport Hub,SHP000022
TRK000023,In Transit,2023-07-21 08:12:00,FLA711826666,Hat Yai,SHP000023
TRK000024,Out for Delivery,2025-04-06 10:24:00,THA850112248,Khon Kaen,SHP000024
TRK000025,Out for Delivery,2025-10-01 13:15:00,FLA613853052,Khon Kaen,SHP000025
TRK000026,Out for Delivery,2022-09-06 16:15:00,THA201090354,Suvarnabhumi Airport Hub,SHP000026
TRK000027,At Warehouse,2022-10-04 13:22:00,KER163665031,Suvarnabhumi Airport Hub,SHP000027
TRK000028,At Warehouse,2024-02-10 16:47:00,THA858832357,Khon Kaen,SHP000028
TRK000029,Delivered,2022-10-14 20:31:00,THA982838821,Phuket,SHP000029
TRK000030,Returned to Sender,2023-07-25 13:51:00,FLA195434545,Hat Yai,SHP000030
TRK000031,At Warehouse,2025-03-21 19:14:00,FLA203491663,Distribution Center Bangkok,SHP000031
TRK000032,Out for Delivery,2024-02-06 13:55:00,THA652022713,Suvarnabhumi Airport Hub,SHP000032
TRK000033,Out for Delivery,2023-08-01 12:58:00,THA430853401,Hat Yai,SHP000033
TRK000034,Customs Clearance,2025-09-18 10:30:00,FLA254926082,Nonthaburi,SHP000034
TRK000035,Delivered,2024-07-15 09:47:00,THA144330726,Chiang Mai,SHP000035
TRK000036,At Warehouse,2024-03-15 16:08:00,FLA770223212,Hat Yai,SHP000036
TRK000037,Out for Delivery,2024-11-08 13:52:00,KER766184290,Distribution Center Bangkok,SHP000037
TRK000038,In Transit,2025-08-28 11:18:00,FLA484440456,Pattaya,SHP000038
TRK000039,In Transit,2022-12-09 19:54:00,THA684435582,Bangkok,SHP000039
TRK000040,Returned to Sender,2024-11-05 08:24:00,KER385704176,Suvarnabhumi Airport Hub,SHP000040
TRK000041,Delivered,2024-04-20 10:00:00,THA195289543,Udon Thani,SHP000041
TRK000042,Returned to Sender,2025-10-04 11:35:00,KER685349709,Udon Thani,SHP000042
TRK000043,Processing,2024-08-02 09:32:00,KER723413845,Hat Yai,SHP000043
TRK000044,Returned to Sender,2024-12-07 12:50:00,FLA646771153,Phuket,SHP000044
TRK000045,Processing,2023-05-11 13:59:00,THA394826445,Phuket,SHP000045
TRK000046,Returned to Sender,2025-07-15 18:32:00,THA949949204,Nonthaburi,SHP000046
TRK000047,In Transit,2022-12-26 12:26:00,FLA289366399,Khon Kaen,SHP000047
TRK000048,Out for Delivery,2024-06-21 13:39:00,THA870154291,Phuket,SHP000048
TRK000049,Processing,2024-11-05 18:33:00,THA614377219,Khon Kaen,SHP000049
TRK000050,Customs Clearance,2022-08-07 13:20:00,KER757030394,Suvarnabhumi Airport Hub,SHP000050
TRK000051,Customs Clearance,2024-01-08 21:10:00,FLA894112696,Suvarnabhumi Airport Hub,SHP000051
TRK000052,Delivered,2025-11-24 17:14:00,FLA719801041,Khon Kaen,SHP000052
TRK000053,Customs Clearance,2023-08-31 15:03:00,FLA874093561,Pattaya,SHP000053
TRK000054,Returned to Sender,2022-02-23 15:11:00,FLA324490599,Nonthaburi,SHP000054
TRK000055,In Transit,2025-12-19 15:45:00,KER510796792,Nonthaburi,SHP000055
TRK000056,Processing,2024-06-11 16:09:00,FLA363723004,Khon Kaen,SHP000056
TRK000057,Out for Delivery,2022-06-03 19:46:00,THA706474302,Hat Yai,SHP000057
TRK000058,Delivered,2023-02-09 18:07:00,KER581515312,Bangkok,SHP000058
TRK000059,Delivered,2022-05-17 19:12:00,KER449259057,Pattaya,SHP000059
TRK000060,Customs Clearance,2024-12-17 21:13:00,KER350858484,Khon Kaen,SHP000060
TRK000061,At Warehouse,2022-11-30 19:56:00,THA577275651,Pattaya,SHP000061
TRK000062,At Warehouse,2024-07-29 14:53:00,THA953745046,Nonthaburi,SHP000062
TRK000063,Out for Delivery,2024-08-28 15:38:00,THA391878284,Hat Yai,SHP000063
TRK000064,At Warehouse,2024-07-30 17:08:00,FLA728603736,Phuket,SHP000064
TRK000065,Returned to Sender,2022-09-28 13:41:00,THA338498726,Chiang Mai,SHP000065
TRK000066,Processing,2025-09-16 16:52:00,THA332424487,Bangkok,SHP000066
TRK000067,Out for Delivery,2025-11-20 09:34:00,THA587832224,Suvarnabhumi Airport Hub,SHP000067
TRK000068,Customs Clearance,2022-02-07 18:09:00,KER474109878,Suvarnabhumi Airport Hub,SHP000068
TRK000069,Processing,2023-02-04 19:21:00,THA689314933,Chiang Mai,SHP000069
TRK000070,Delivered,2025-03-04 20:28:00,FLA112318633,Nonthaburi,SHP000070
TRK000071,At Warehouse,2024-09-15 21:50:00,KER162227942,Phuket,SHP000071
TRK000072,Out for Delivery,2024-05-15 12:54:00,KER759485907,Pattaya,SHP000072
TRK000073,Delivered,2025-07-22 10:22:00,THA561965621,Khon Kaen,SHP000073
TRK000074,In Transit,2022-11-02 13:55:00,KER281787189,Nonthaburi,SHP000074
TRK000075,Delivered,2024-06-12 19:42:00,THA331035288,Pattaya,SHP000075
TRK000076,Out for Delivery,2024-10-25 10:24:00,THA210980941,Bangkok,SHP000076
TRK000077,Processing,2023-02-23 20:22:00,KER940242892,Khon Kaen,SHP000077
TRK000078,At Warehouse,2022-09-25 21:27:00,THA412243022,Bangkok,SHP000078
TRK000079,Customs Clearance,2024-09-12 15:51:00,THA939289787,Nonthaburi,SHP000079
TRK000080,At Warehouse,2022-02-16 08:30:00,THA404855791,Khon Kaen,SHP000080
TRK000081,Returned to Sender,2025-09-03 11:17:00,KER823238398,Nonthaburi,SHP000081
TRK000082,Out for Delivery,2022-08-26 16:24:00,THA557023194,Distribution Center Bangkok,SHP000082
TRK000083,Customs Clearance,2022-05-22 14:49:00,FLA715398293,Distribution Center Bangkok,SHP000083
TRK000084,At Warehouse,2023-07-09 19:25:00,KER303958089,Nonthaburi,SHP000084
TRK000085,In Transit,2023-05-30 17:51:00,FLA628420204,Chiang Mai,SHP000085
TRK000086,Delivered,2025-09-16 13:50:00,FLA525870996,Suvarnabhumi Airport Hub,SHP000086
TRK000087,Returned to Sender,2024-05-13 19:27:00,KER614983870,Udon Thani,SHP000087
TRK000088,Processing,2024-02-28 13:31:00,KER460760169,Pattaya,SHP000088
TRK000089,Customs Clearance,2024-01-09 21:17:00,KER636474416,Nonthaburi,SHP000089
TRK000090,Out for Delivery,2022-11-18 13:18:00,FLA798919101,Chiang Mai,SHP000090
TRK000091,In Transit,2022-06-18 09:33:00,FLA136225025,Bangkok,SHP000091
TRK000092,Out for Delivery,2025-01-31 18:04:00,KER376721250,Hat Yai,SHP000092
TRK000093,At Warehouse,2025-11-29 15:56:00,FLA489936221,Chiang Mai,SHP000093
TRK000094,Returned to Sender,2023-06-09 19:05:00,THA152936697,Pattaya,SHP000094
TRK000095,Returned to Sender,2022-11-27 09:57:00,KER647015203,Hat Yai,SHP000095
TRK000096,Customs Clearance,2022-12-10 19:44:00,THA378643040,Udon Thani,SHP000096
TRK000097,In Transit,2025-02-27 17:50:00,FLA830748972,Phuket,SHP000097
TRK000098,Out for Delivery,2023-06-19 18:38:00,FLA692052130,Pattaya,SHP000098
TRK000099,Customs Clearance,2023-01-10 20:58:00,KER605473588,Chiang Mai,SHP000099
TRK000100,In Transit,2023-05-12 17:39:00,KER440236792,Udon Thani,SHP000100
TRK000101,Delivered,2022-09-03 18:15:00,THA911744448,Bangkok,SHP000101
TRK000102,At Warehouse,2023-09-14 10:15:00,KER799299474,Distribution Center Bangkok,SHP000102
TRK000103,In Transit,2023-03-27 18:32:00,KER379735373,Pattaya,SHP000103
TRK000104,Out for Delivery,2023-02-15 19:13:00,FLA525901672,Khon Kaen,SHP000104
TRK000105,At Warehouse,2025-09-15 18:22:00,THA250360111,Nonthaburi,SHP000105
TRK000106,Delivered,2024-06-16 14:22:00,THA917394410,Chiang Mai,SHP000106
TRK000107,At Warehouse,2023-02-16 10:21:00,KER524264513,Suvarnabhumi Airport Hub,SHP000107
TRK000108,In Transit,2025-09-07 21:58:00,THA670440236,Khon Kaen,SHP000108
TRK000109,Processing,2022-10-06 18:48:00,THA624248213,Bangkok,SHP000109
TRK000110,Processing,2022-10-26 19:33:00,FLA921470604,Udon Thani,SHP000110
TRK000111,In Transit,2025-06-24 15:36:00,THA304884625,Distribution Center Bangkok,SHP000111
TRK000112,Delivered,2024-07-08 20:57:00,FLA357994224,Bangkok,SHP000112
TRK000113,In Transit,2024-05-25 15:12:00,KER488552173,Phuket,SHP000113
TRK000114,At Warehouse,2025-11-07 21:48:00,FLA594890190,Distribution Center Bangkok,SHP000114
TRK000115,Out for Delivery,2024-12-08 20:39:00,THA499057964,Hat Yai,SHP000115
TRK000116,Customs Clearance,2024-08-16 18:21:00,FLA214676318,Distribution Center Bangkok,SHP000116
TRK000117,Returned to Sender,2023-05-05 12:21:00,FLA571047527,Udon Thani,SHP000117
TRK000118,Processing,2023-06-03 21:00:00,FLA720326794,Khon Kaen,SHP000118
TRK000119,In Transit,2024-03-25 17:35:00,KER716302859,Nonthaburi,SHP000119
TRK000120,Out for Delivery,2025-08-15 15:46:00,KER363753216,Bangkok,SHP000120
TRK000121,Delivered,2023-06-25 20:50:00,KER196849273,Distribution Center Bangkok,SHP000121
TRK000122,Out for Delivery,2023-03-24 11:51:00,KER169097617,Nonthaburi,SHP000122
TRK000123,Returned to Sender,2023-08-14 20:58:00,THA922400037,Khon Kaen,SHP000123
TRK000124,Processing,2023-11-14 17:30:00,FLA416983745,Chiang Mai,SHP000124
TRK000125,Out for Delivery,2022-04-06 11:21:00,THA323054270,Pattaya,SHP000125
TRK000126,Delivered,2024-09-06 14:42:00,KER773704772,Khon Kaen,SHP000126
TRK000127,Customs Clearance,2024-03-23 19:35:00,THA166202238,Khon Kaen,SHP000127
TRK000128,In Transit,2025-04-06 15:42:00,FLA506318930,Udon Thani,SHP000128
TRK000129,Out for Delivery,2023-10-04 10:41:00,THA832086610,Suvarnabhumi Airport Hub,SHP000129
TRK000130,Processing,2022-12-07 18:08:00,FLA920270811,Pattaya,SHP000130
TRK000131,In Transit,2025-06-05 18:03:00,FLA204996157,Khon Kaen,SHP000131
TRK000132,Returned to Sender,2024-06-09 13:04:00,FLA670509713,Bangkok,SHP000132
TRK000133,Out for Delivery,2022-08-25 12:47:00,THA624687789,Bangkok,SHP000133
TRK000134,Out for Delivery,2023-09-19 16:21:00,THA569942019,Khon Kaen,SHP000134
TRK000135,Customs Clearance,2022-07-07 18:34:00,THA468930789,Nonthaburi,SHP000135
TRK000136,Customs Clearance,2023-01-28 17:00:00,KER322967801,Khon Kaen,SHP000136
TRK000137,Customs Clearance,2025-02-10 09:28:00,KER990146347,Phuket,SHP000137
TRK000138,Returned to Sender,2024-03-09 12:45:00,THA241882973,Hat Yai,SHP000138
TRK000139,Processing,2022-10-08 21:28:00,THA916735689,Udon Thani,SHP000139
TRK000140,In Transit,2022-10-15 14:19:00,FLA469231758,Udon Thani,SHP000140
TRK000141,At Warehouse,2024-04-25 20:56:00,KER339801993,Nonthaburi,SHP000141
TRK000142,Customs Clearance,2025-05-05 11:51:00,KER778818555,Bangkok,SHP000142
TRK000143,Customs Clearance,2025-03-05 19:42:00,KER152505639,Pattaya,SHP000143
TRK000144,Returned to Sender,2022-07-01 14:22:00,THA966348985,Pattaya,SHP000144
TRK000145,Returned to Sender,2022-02-25 10:21:00,KER306011032,Nonthaburi,SHP000145
TRK000146,Processing,2024-12-02 19:39:00,THA850697629,Suvarnabhumi Airport Hub,SHP000146
TRK000147,In Transit,2022-08-07 13:23:00,THA784563519,Bangkok,SHP000147
TRK000148,Out for Delivery,2025-02-07 17:45:00,THA812841640,Pattaya,SHP000148
TRK000149,Delivered,2024-01-04 15:08:00,THA543169098,Nonthaburi,SHP000149
TRK000150,Returned to Sender,2023-04-16 10:13:00,THA522287209,Bangkok,SHP000150
TRK000151,Out for Delivery,2022-03-14 11:50:00,FLA187399020,Suvarnabhumi Airport Hub,SHP000151
TRK000152,In Transit,2024-04-13 10:36:00,FLA976034615,Phuket,SHP000152
TRK000153,Processing,2022-02-25 18:07:00,THA770761258,Nonthaburi,SHP000153
TRK000154,Out for Delivery,2022-05-03 19:36:00,KER279800305,Suvarnabhumi Airport Hub,SHP000154
TRK000155,In Transit,2025-10-02 17:57:00,THA559548941,Distribution Center Bangkok,SHP000155
TRK000156,Returned to Sender,2022-01-03 08:44:00,THA525894032,Distribution Center Bangkok,SHP000156
TRK000157,In Transit,2023-09-18 11:53:00,KER664305424,Distribution Center Bangkok,SHP000157
TRK000158,At Warehouse,2023-06-03 12:59:00,KER534172744,Distribution Center Bangkok,SHP000158
TRK000159,Returned to Sender,2025-12-21 16:14:00,KER754693481,Bangkok,SHP000159
TRK000160,At Warehouse,2025-06-30 17:44:00,KER497644725,Nonthaburi,SHP000160
TRK000161,Processing,2023-07-30 17:30:00,THA425359983,Pattaya,SHP000161
TRK000162,Delivered,2024-01-01 21:43:00,KER756845631,Suvarnabhumi Airport Hub,SHP000162
TRK000163,In Transit,2023-12-30 19:35:00,FLA629324027,Bangkok,SHP000163
TRK000164,In Transit,2024-12-23 18:02:00,FLA292661358,Pattaya,SHP000164
TRK000165,Delivered,2023-08-26 20:08:00,KER839516824,Pattaya,SHP000165
TRK000166,Processing,2023-10-04 12:38:00,FLA428706337,Hat Yai,SHP000166
TRK000167,Processing,2025-03-04 11:08:00,THA730237487,Phuket,SHP000167
TRK000168,At Warehouse,2022-03-10 13:43:00,FLA552207270,Phuket,SHP000168
TRK000169,Out for Delivery,2025-11-13 21:15:00,KER300851890,Khon Kaen,SHP000169
TRK000170,Customs Clearance,2024-08-08 20:42:00,KER821330793,Nonthaburi,SHP000170
TRK000171,Customs Clearance,2022-12-07 11:25:00,KER193945596,Bangkok,SHP000171
TRK000172,Returned to Sender,2024-11-06 13:46:00,KER751476706,Bangkok,SHP000172
TRK000173,Out for Delivery,2025-11-12 14:16:00,KER222293386,Nonthaburi,SHP000173
TRK000174,Out for Delivery,2024-06-08 20:26:00,KER285751644,Bangkok,SHP000174
TRK000175,Out for Delivery,2023-06-24 21:37:00,THA875002687,Phuket,SHP000175
TRK000176,Returned to Sender,2025-10-05 20:33:00,KER347826412,Udon Thani,SHP000176
TRK000177,In Transit,2025-01-23 09:21:00,THA249726287,Distribution Center Bangkok,SHP000177
TRK000178,Out for Delivery,2023-10-16 11:49:00,THA754150223,Suvarnabhumi Airport Hub,SHP000178
TRK000179,At Warehouse,2023-03-16 15:05:00,THA652597946,Suvarnabhumi Airport Hub,SHP000179
TRK000180,Customs Clearance,2023-07-02 17:59:00,KER568250042,Bangkok,SHP000180
TRK000181,Customs Clearance,2023-08-23 10:56:00,FLA889420241,Bangkok,SHP000181
TRK000182,Returned to Sender,2023-09-05 20:24:00,THA517161947,Khon Kaen,SHP000182
TRK000183,Out for Delivery,2023-10-16 16:57:00,FLA203715306,Hat Yai,SHP000183
TRK000184,At Warehouse,2023-01-24 16:36:00,THA246644919,Bangkok,SHP000184
TRK000185,Returned to Sender,2024-07-16 15:23:00,FLA252744603,Chiang Mai,SHP000185
TRK000186,Processing,2024-02-28 21:50:00,FLA231051578,Phuket,SHP000186
TRK000187,At Warehouse,2023-01-19 11:46:00,KER773336278,Phuket,SHP000187
TRK000188,Customs Clearance,2025-12-14 10:12:00,THA687081678,Suvarnabhumi Airport Hub,SHP000188
TRK000189,Delivered,2025-08-24 18:18:00,FLA632619945,Distribution Center Bangkok,SHP000189
TRK000190,Processing,2025-10-06 17:09:00,KER838750482,Nonthaburi,SHP000190
TRK000191,Out for Delivery,2022-04-15 14:23:00,THA981040473,Pattaya,SHP000191
TRK000192,Returned to Sender,2025-02-01 19:28:00,KER954129668,Nonthaburi,SHP000192
TRK000193,Processing,2025-02-27 21:48:00,THA150161310,Suvarnabhumi Airport Hub,SHP000193
TRK000194,Returned to Sender,2022-10-16 19:41:00,THA206277780,Phuket,SHP000194
TRK000195,Processing,2025-05-15 13:31:00,KER284997009,Udon Thani,SHP000195
TRK000196,Delivered,2023-05-21 19:32:00,FLA802579724,Khon Kaen,SHP000196
TRK000197,Out for Delivery,2024-02-06 15:55:00,THA214340298,Pattaya,SHP000197
TRK000198,Out for Delivery,2024-04-28 21:59:00,KER922058984,Suvarnabhumi Airport Hub,SHP000198
TRK000199,Delivered,2024-09-22 10:03:00,THA655340131,Khon Kaen,SHP000199
TRK000200,Returned to Sender,2023-05-06 12:32:00,FLA665370953,Pattaya,SHP000200
TRK000201,Out for Delivery,2024-10-20 11:59:00,KER931033923,Bangkok,SHP000201
TRK000202,Customs Clearance,2022-11-27 17:33:00,KER610487372,Khon Kaen,SHP000202
TRK000203,At Warehouse,2024-04-11 18:59:00,THA315456977,Chiang Mai,SHP000203
TRK000204,Returned to Sender,2024-01-14 15:42:00,THA231543814,Suvarnabhumi Airport Hub,SHP000204
TRK000205,Out for Delivery,2022-02-26 17:10:00,KER673602375,Hat Yai,SHP000205
TRK000206,Returned to Sender,2024-07-08 17:16:00,THA227943255,Khon Kaen,SHP000206
TRK000207,Returned to Sender,2024-07-26 12:02:00,KER638889794,Hat Yai,SHP000207
TRK000208,At Warehouse,2023-08-22 11:52:00,FLA481882758,Udon Thani,SHP000208
TRK000209,Out for Delivery,2024-10-17 17:13:00,KER345282626,Chiang Mai,SHP000209
TRK000210,Processing,2023-04-08 10:20:00,FLA614183108,Pattaya,SHP000210
TRK000211,In Transit,2025-06-12 11:15:00,KER847199948,Udon Thani,SHP000211
TRK000212,Customs Clearance,2024-11-29 19:49:00,THA565977807,Distribution Center Bangkok,SHP000212
TRK000213,Returned to Sender,2022-04-07 13:01:00,THA459114301,Pattaya,SHP000213
TRK000214,Customs Clearance,2022-11-03 14:26:00,FLA235974571,Phuket,SHP000214
TRK000215,Returned to Sender,2024-11-04 17:54:00,THA840463420,Udon Thani,SHP000215
TRK000216,Out for Delivery,2023-04-21 15:27:00,THA278582619,Suvarnabhumi Airport Hub,SHP000216
TRK000217,Returned to Sender,2024-10-17 11:32:00,FLA830316722,Chiang Mai,SHP000217
TRK000218,Processing,2025-09-20 12:22:00,THA601897203,Khon Kaen,SHP000218
TRK000219,Out for Delivery,2022-08-28 09:46:00,KER706057341,Suvarnabhumi Airport Hub,SHP000219
TRK000220,Out for Delivery,2025-12-05 10:56:00,THA674970191,Bangkok,SHP000220
TRK000221,At Warehouse,2024-03-21 11:24:00,FLA721471342,Suvarnabhumi Airport Hub,SHP000221
TRK000222,At Warehouse,2024-10-13 19:38:00,KER581034604,Khon Kaen,SHP000222
TRK000223,Customs Clearance,2024-10-17 13:21:00,THA247872682,Distribution Center Bangkok,SHP000223
TRK000224,Processing,2025-12-28 19:28:00,FLA892247373,Bangkok,SHP000224
TRK000225,Customs Clearance,2024-01-31 11:03:00,THA259081906,Phuket,SHP000225
TRK000226,At Warehouse,2023-07-30 13:07:00,THA332690368,Nonthaburi,SHP000226
TRK000227,Processing,2022-02-14 19:01:00,KER505587003,Suvarnabhumi Airport Hub,SHP000227
TRK000228,Processing,2022-12-05 14:00:00,THA873035984,Udon Thani,SHP000228
TRK000229,Returned to Sender,2023-11-21 16:23:00,THA767578172,Udon Thani,SHP000229
TRK000230,Returned to Sender,2022-07-26 16:04:00,THA257769647,Udon Thani,SHP000230
TRK000231,In Transit,2022-05-30 17:15:00,KER391526690,Chiang Mai,SHP000231
TRK000232,Processing,2022-02-14 08:31:00,THA993004995,Suvarnabhumi Airport Hub,SHP000232
TRK000233,At Warehouse,2022-09-14 17:25:00,FLA735780020,Hat Yai,SHP000233
TRK000234,In Transit,2022-03-04 11:06:00,THA863771302,Bangkok,SHP000234
TRK000235,Customs Clearance,2024-01-01 21:06:00,FLA588349173,Bangkok,SHP000235
TRK000236,Returned to Sender,2022-09-13 10:38:00,KER987591034,Pattaya,SHP000236
TRK000237,In Transit,2025-08-18 08:47:00,THA621711106,Phuket,SHP000237
TRK000238,Processing,2023-02-10 11:38:00,FLA419252229,Pattaya,SHP000238
TRK000239,In Transit,2022-12-10 12:05:00,KER115027361,Chiang Mai,SHP000239
TRK000240,Processing,2025-03-19 08:53:00,FLA789233667,Bangkok,SHP000240
TRK000241,Out for Delivery,2024-03-08 15:39:00,THA480850816,Hat Yai,SHP000241
TRK000242,At Warehouse,2022-05-30 21:41:00,FLA247636791,Chiang Mai,SHP000242
TRK000243,Processing,2024-04-24 17:45:00,THA217763547,Khon Kaen,SHP000243
TRK000244,Customs Clearance,2023-05-14 17:23:00,KER710187661,Pattaya,SHP000244
TRK000245,Delivered,2023-10-25 11:28:00,FLA545213356,Pattaya,SHP000245
TRK000246,Out for Delivery,2023-08-09 10:50:00,THA216946234,Suvarnabhumi Airport Hub,SHP000246
TRK000247,Processing,2023-03-12 20:24:00,THA702621118,Chiang Mai,SHP000247
TRK000248,In Transit,2022-04-17 09:53:00,THA645007056,Nonthaburi,SHP000248
TRK000249,Delivered,2025-05-30 20:54:00,KER645114148,Nonthaburi,SHP000249
TRK000250,Out for Delivery,2024-09-29 18:19:00,THA948301449,Nonthaburi,SHP000250
TRK000251,Returned to Sender,2025-10-15 10:00:00,FLA461324123,Khon Kaen,SHP000251
TRK000252,Out for Delivery,2023-07-09 20:38:00,FLA814032204,Pattaya,SHP000252
TRK000253,Out for Delivery,2025-05-18 16:58:00,THA252775463,Chiang Mai,SHP000253
TRK000254,Processing,2022-01-04 14:24:00,FLA164793198,Suvarnabhumi Airport Hub,SHP000254
TRK000255,At Warehouse,2024-01-18 09:12:00,KER828425286,Chiang Mai,SHP000255
TRK000256,Out for Delivery,2024-06-26 13:27:00,THA102693074,Nonthaburi,SHP000256
TRK000257,Returned to Sender,2024-10-14 19:02:00,THA756400156,Udon Thani,SHP000257
TRK000258,Delivered,2023-05-01 21:09:00,THA505930863,Khon Kaen,SHP000258
TRK000259,Out for Delivery,2023-05-03 15:59:00,KER838437692,Nonthaburi,SHP000259
TRK000260,Out for Delivery,2025-01-14 10:12:00,THA521568918,Udon Thani,SHP000260
TRK000261,Customs Clearance,2022-05-01 19:19:00,FLA983177305,Distribution Center Bangkok,SHP000261
TRK000262,In Transit,2023-02-10 19:46:00,THA495657285,Khon Kaen,SHP000262
TRK000263,In Transit,2024-01-29 20:02:00,THA648684282,Khon Kaen,SHP000263
TRK000264,Processing,2024-02-01 19:07:00,FLA415329712,Phuket,SHP000264
TRK000265,Out for Delivery,2023-12-19 15:31:00,KER453773340,Distribution Center Bangkok,SHP000265
TRK000266,Delivered,2025-08-29 18:48:00,FLA903941918,Distribution Center Bangkok,SHP000266
TRK000267,Delivered,2022-01-13 17:09:00,KER464396799,Khon Kaen,SHP000267
TRK000268,Processing,2023-02-10 12:56:00,THA485016933,Suvarnabhumi Airport Hub,SHP000268
TRK000269,Delivered,2023-10-12 17:33:00,THA793202857,Nonthaburi,SHP000269
TRK000270,Returned to Sender,2024-10-31 15:04:00,FLA733929241,Distribution Center Bangkok,SHP000270
TRK000271,Returned to Sender,2023-09-21 12:41:00,FLA506111254,Khon Kaen,SHP000271
TRK000272,At Warehouse,2023-04-02 12:29:00,THA517499947,Nonthaburi,SHP000272
TRK000273,In Transit,2024-03-17 14:00:00,FLA887933641,Udon Thani,SHP000273
TRK000274,At Warehouse,2022-12-02 20:20:00,THA543925135,Chiang Mai,SHP000274
TRK000275,At Warehouse,2023-12-09 10:40:00,KER606830772,Pattaya,SHP000275
TRK000276,Processing,2024-05-12 16:39:00,THA383325894,Suvarnabhumi Airport Hub,SHP000276
TRK000277,In Transit,2022-08-19 21:30:00,THA112866013,Distribution Center Bangkok,SHP000277
TRK000278,Customs Clearance,2024-01-04 12:12:00,FLA950425862,Khon Kaen,SHP000278
TRK000279,Processing,2025-09-26 12:40:00,FLA966961793,Nonthaburi,SHP000279
TRK000280,Returned to Sender,2023-08-12 15:26:00,THA556100350,Distribution Center Bangkok,SHP000280
TRK000281,Processing,2025-12-05 16:57:00,FLA610360164,Chiang Mai,SHP000281
TRK000282,In Transit,2023-01-28 21:19:00,THA976176961,Udon Thani,SHP000282
TRK000283,In Transit,2025-08-29 13:20:00,KER362757875,Suvarnabhumi Airport Hub,SHP000283
TRK000284,Processing,2022-05-17 09:51:00,KER136972718,Distribution Center Bangkok,SHP000284
TRK000285,Customs Clearance,2022-12-31 12:04:00,FLA604935046,Pattaya,SHP000285
TRK000286,Out for Delivery,2022-01-27 20:50:00,FLA462224593,Bangkok,SHP000286
TRK000287,Processing,2025-08-01 14:45:00,FLA109429601,Phuket,SHP000287
TRK000288,Returned to Sender,2022-03-28 15:35:00,FLA136679974,Bangkok,SHP000288
TRK000289,Customs Clearance,2025-08-03 16:37:00,THA809655742,Udon Thani,SHP000289
TRK000290,In Transit,2025-06-10 16:18:00,KER787983593,Hat Yai,SHP000290
TRK000291,Out for Delivery,2022-04-22 11:41:00,THA860615887,Udon Thani,SHP000291
TRK000292,Returned to Sender,2024-05-25 21:53:00,FLA851663418,Suvarnabhumi Airport Hub,SHP000292
TRK000293,Processing,2025-01-30 15:14:00,FLA838272135,Distribution Center Bangkok,SHP000293
TRK000294,Out for Delivery,2023-03-22 08:53:00,KER594956532,Nonthaburi,SHP000294
TRK000295,In Transit,2023-06-21 08:18:00,THA378534604,Suvarnabhumi Airport Hub,SHP000295
TRK000296,At Warehouse,2024-10-13 14:51:00,KER363825003,Hat Yai,SHP000296
TRK000297,Customs Clearance,2022-05-04 09:53:00,THA237849931,Chiang Mai,SHP000297
TRK000298,Returned to Sender,2025-06-11 20:27:00,THA767708782,Nonthaburi,SHP000298
TRK000299,At Warehouse,2023-12-12 13:37:00,THA362125406,Hat Yai,SHP000299
TRK000300,Out for Delivery,2024-09-06 17:32:00,THA935300311,Hat Yai,SHP000300
TRK000301,Returned to Sender,2023-05-08 20:58:00,KER383924804,Phuket,SHP000301
TRK000302,Customs Clearance,2022-05-23 14:30:00,FLA400354992,Suvarnabhumi Airport Hub,SHP000302
TRK000303,At Warehouse,2024-10-16 12:17:00,KER847531554,Chiang Mai,SHP000303
TRK000304,Returned to Sender,2023-02-20 11:44:00,KER951012290,Nonthaburi,SHP000304
TRK000305,Returned to Sender,2022-10-19 21:08:00,THA810526046,Nonthaburi,SHP000305
TRK000306,At Warehouse,2022-04-07 08:19:00,FLA889996139,Chiang Mai,SHP000306
TRK000307,Processing,2024-09-04 08:26:00,THA117495301,Udon Thani,SHP000307
TRK000308,At Warehouse,2024-11-05 09:46:00,THA137998682,Suvarnabhumi Airport Hub,SHP000308
TRK000309,Delivered,2022-12-29 15:59:00,FLA755278563,Khon Kaen,SHP000309
TRK000310,Returned to Sender,2024-06-23 10:52:00,FLA952473255,Bangkok,SHP000310
TRK000311,Out for Delivery,2023-11-25 09:51:00,KER266921290,Distribution Center Bangkok,SHP000311
TRK000312,Customs Clearance,2025-03-01 21:01:00,THA592518012,Phuket,SHP000312
TRK000313,Processing,2022-01-07 13:16:00,KER753776403,Phuket,SHP000313
TRK000314,At Warehouse,2025-11-16 11:07:00,THA378031446,Suvarnabhumi Airport Hub,SHP000314
TRK000315,Processing,2024-09-17 16:42:00,KER604490941,Bangkok,SHP000315
TRK000316,Processing,2022-10-04 09:32:00,FLA462888862,Distribution Center Bangkok,SHP000316
TRK000317,Processing,2022-05-26 15:32:00,KER223153743,Nonthaburi,SHP000317
TRK000318,Delivered,2023-12-03 18:14:00,KER364771764,Distribution Center Bangkok,SHP000318
TRK000319,Out for Delivery,2022-12-21 17:48:00,KER332600012,Khon Kaen,SHP000319
TRK000320,At Warehouse,2025-03-08 20:02:00,KER742886267,Suvarnabhumi Airport Hub,SHP000320
TRK000321,Returned to Sender,2025-06-29 14:43:00,KER588627024,Distribution Center Bangkok,SHP000321
TRK000322,Processing,2022-10-23 10:07:00,KER603063743,Nonthaburi,SHP000322
TRK000323,In Transit,2022-06-14 11:15:00,FLA200318081,Hat Yai,SHP000323
TRK000324,Processing,2024-12-03 19:05:00,THA174409430,Nonthaburi,SHP000324
TRK000325,Processing,2025-05-01 19:11:00,FLA186880840,Nonthaburi,SHP000325
TRK000326,In Transit,2024-11-23 17:11:00,THA812135059,Bangkok,SHP000326
TRK000327,At Warehouse,2022-11-01 18:36:00,KER884122579,Pattaya,SHP000327
TRK000328,Processing,2024-11-14 13:48:00,KER353392295,Bangkok,SHP000328
TRK000329,Out for Delivery,2023-09-04 11:02:00,THA242169324,Phuket,SHP000329
TRK000330,Out for Delivery,2024-11-12 16:12:00,FLA290178710,Udon Thani,SHP000330
TRK000331,At Warehouse,2025-01-17 12:18:00,THA326055604,Udon Thani,SHP000331
TRK000332,Delivered,2023-07-18 12:36:00,THA970121537,Suvarnabhumi Airport Hub,SHP000332
TRK000333,Returned to Sender,2024-01-09 12:42:00,KER896637173,Distribution Center Bangkok,SHP000333
TRK000334,At Warehouse,2022-01-21 10:00:00,KER451815801,Bangkok,SHP000334
TRK000335,Returned to Sender,2022-04-30 21:21:00,THA209251742,Chiang Mai,SHP000335
TRK000336,Delivered,2024-11-12 20:11:00,KER730885886,Khon Kaen,SHP000336
TRK000337,Delivered,2025-07-05 20:38:00,FLA939356689,Khon Kaen,SHP000337
TRK000338,Delivered,2022-01-02 20:45:00,KER526928345,Bangkok,SHP000338
TRK000339,In Transit,2022-06-26 16:02:00,KER111543878,Suvarnabhumi Airport Hub,SHP000339
TRK000340,Out for Delivery,2025-08-25 11:34:00,THA543010157,Bangkok,SHP000340
TRK000341,Out for Delivery,2023-01-20 15:25:00,FLA896580988,Bangkok,SHP000341
TRK000342,Delivered,2023-01-24 09:16:00,FLA455883010,Hat Yai,SHP000342
TRK000343,Out for Delivery,2022-07-10 10:48:00,FLA560145644,Suvarnabhumi Airport Hub,SHP000343
TRK000344,Delivered,2025-07-03 12:58:00,KER176095631,Distribution Center Bangkok,SHP000344
TRK000345,Processing,2024-03-22 17:34:00,THA217984717,Khon Kaen,SHP000345
TRK000346,Processing,2023-09-08 08:20:00,THA606575221,Suvarnabhumi Airport Hub,SHP000346
TRK000347,Processing,2022-10-11 13:51:00,KER843587247,Udon Thani,SHP000347
TRK000348,Out for Delivery,2023-10-10 09:05:00,FLA768943882,Bangkok,SHP000348
TRK000349,At Warehouse,2022-08-26 18:11:00,THA199102801,Pattaya,SHP000349
TRK000350,Customs Clearance,2022-01-15 08:59:00,KER912466025,Hat Yai,SHP000350
TRK000351,In Transit,2024-08-30 19:48:00,FLA336152800,Chiang Mai,SHP000351
TRK000352,Customs Clearance,2024-11-21 18:02:00,FLA508195670,Bangkok,SHP000352
TRK000353,In Transit,2024-09-29 09:39:00,KER597851342,Pattaya,SHP000353
TRK000354,In Transit,2024-12-16 15:17:00,THA905922519,Bangkok,SHP000354
TRK000355,Customs Clearance,2023-03-18 09:02:00,THA494181639,Pattaya,SHP000355
TRK000356,In Transit,2025-05-05 17:59:00,FLA106009721,Khon Kaen,SHP000356
TRK000357,Customs Clearance,2025-02-02 09:57:00,FLA854212981,Bangkok,SHP000357
TRK000358,Customs Clearance,2025-09-05 09:09:00,KER479229552,Khon Kaen,SHP000358
TRK000359,Returned to Sender,2022-12-28 20:55:00,KER454764391,Chiang Mai,SHP000359
TRK000360,In Transit,2025-03-27 18:16:00,THA206191324,Suvarnabhumi Airport Hub,SHP000360
TRK000361,Delivered,2022-02-05 20:12:00,KER137736270,Pattaya,SHP000361
TRK000362,Returned to Sender,2022-10-25 17:21:00,KER379913090,Distribution Center Bangkok,SHP000362
TRK000363,In Transit,2022-03-30 13:36:00,FLA486622396,Phuket,SHP000363
TRK000364,In Transit,2024-12-25 17:17:00,FLA156247826,Suvarnabhumi Airport Hub,SHP000364
TRK000365,In Transit,2025-08-24 16:40:00,FLA427997553,Pattaya,SHP000365
TRK000366,Customs Clearance,2025-03-13 08:09:00,THA573406600,Suvarnabhumi Airport Hub,SHP000366
TRK000367,Delivered,2025-02-17 17:23:00,KER154156834,Bangkok,SHP000367
TRK000368,In Transit,2024-10-12 13:45:00,THA995719760,Hat Yai,SHP000368
TRK000369,Out for Delivery,2025-09-30 18:42:00,KER773988558,Bangkok,SHP000369
TRK000370,Delivered,2023-01-05 16:09:00,FLA823007616,Pattaya,SHP000370
TRK000371,Returned to Sender,2023-12-16 10:42:00,THA837483746,Pattaya,SHP000371
TRK000372,Returned to Sender,2022-05-21 12:07:00,KER559712921,Khon Kaen,SHP000372
TRK000373,In Transit,2025-02-25 19:15:00,THA327567484,Distribution Center Bangkok,SHP000373
TRK000374,Out for Delivery,2022-04-23 20:10:00,KER769813911,Distribution Center Bangkok,SHP000374
TRK000375,Out for Delivery,2024-09-11 10:30:00,KER347173359,Chiang Mai,SHP000375
TRK000376,Processing,2023-03-31 09:29:00,THA296517335,Udon Thani,SHP000376
TRK000377,At Warehouse,2022-08-05 20:36:00,KER599576850,Bangkok,SHP000377
TRK000378,Returned to Sender,2023-08-03 16:41:00,FLA540046376,Khon Kaen,SHP000378
TRK000379,Out for Delivery,2023-11-06 09:00:00,FLA506087896,Bangkok,SHP000379
TRK000380,Delivered,2024-01-25 21:02:00,THA601222284,Bangkok,SHP000380
TRK000381,Out for Delivery,2025-07-24 14:12:00,FLA346137028,Distribution Center Bangkok,SHP000381
TRK000382,At Warehouse,2025-12-27 15:27:00,KER476588032,Distribution Center Bangkok,SHP000382
TRK000383,Out for Delivery,2024-12-25 10:25:00,KER138428518,Udon Thani,SHP000383
TRK000384,At Warehouse,2025-04-15 20:19:00,KER392249792,Pattaya,SHP000384
TRK000385,In Transit,2025-11-15 09:47:00,FLA379974219,Suvarnabhumi Airport Hub,SHP000385
TRK000386,Returned to Sender,2024-10-26 20:15:00,THA739412725,Nonthaburi,SHP000386
TRK000387,Delivered,2022-09-21 21:12:00,KER992957348,Distribution Center Bangkok,SHP000387
TRK000388,At Warehouse,2022-12-04 21:36:00,KER526046388,Suvarnabhumi Airport Hub,SHP000388
TRK000389,Out for Delivery,2025-05-09 17:40:00,THA294903740,Nonthaburi,SHP000389
TRK000390,Delivered,2024-07-27 15:46:00,KER408776627,Phuket,SHP000390
TRK000391,In Transit,2024-07-19 09:20:00,THA914368469,Hat Yai,SHP000391
TRK000392,Returned to Sender,2023-10-23 20:31:00,KER594434586,Phuket,SHP000392
TRK000393,At Warehouse,2024-06-16 21:15:00,KER513479667,Khon Kaen,SHP000393
TRK000394,At Warehouse,2024-09-11 21:23:00,FLA855534496,Bangkok,SHP000394
TRK000395,Processing,2025-02-02 16:51:00,KER160161101,Hat Yai,SHP000395
TRK000396,At Warehouse,2024-05-10 14:57:00,KER640011056,Khon Kaen,SHP000396
TRK000397,Delivered,2024-09-20 15:09:00,FLA912098033,Nonthaburi,SHP000397
TRK000398,Processing,2022-07-19 11:25:00,THA809194464,Chiang Mai,SHP000398
TRK000399,In Transit,2023-06-06 08:33:00,KER841931181,Bangkok,SHP000399
TRK000400,Processing,2024-02-26 15:09:00,KER244878786,Distribution Center Bangkok,SHP000400
TRK000401,At Warehouse,2023-06-23 16:14:00,THA864261962,Pattaya,SHP000401
TRK000402,Customs Clearance,2022-10-13 10:53:00,THA991145417,Udon Thani,SHP000402
TRK000403,Customs Clearance,2025-10-05 13:34:00,FLA969415588,Bangkok,SHP000403
TRK000404,In Transit,2022-05-31 13:01:00,FLA741043015,Udon Thani,SHP000404
TRK000405,In Transit,2023-01-21 10:37:00,KER427587593,Phuket,SHP000405
TRK000406,At Warehouse,2024-02-28 16:43:00,KER298911267,Bangkok,SHP000406
TRK000407,Out for Delivery,2023-10-10 17:10:00,THA939357904,Chiang Mai,SHP000407
TRK000408,Processing,2023-04-01 16:08:00,FLA289321110,Distribution Center Bangkok,SHP000408
TRK000409,At Warehouse,2022-05-06 15:09:00,THA213509430,Suvarnabhumi Airport Hub,SHP000409
TRK000410,Out for Delivery,2022-08-04 21:22:00,THA210866460,Distribution Center Bangkok,SHP000410
TRK000411,Customs Clearance,2024-04-08 11:03:00,FLA140535843,Phuket,SHP000411
TRK000412,In Transit,2023-02-23 14:32:00,KER234348580,Pattaya,SHP000412
TRK000413,Out for Delivery,2024-12-05 16:46:00,THA248640759,Suvarnabhumi Airport Hub,SHP000413
TRK000414,Processing,2023-08-21 15:29:00,FLA358605334,Hat Yai,SHP000414
TRK000415,Processing,2024-09-25 09:03:00,KER604126932,Distribution Center Bangkok,SHP000415
TRK000416,At Warehouse,2025-08-17 11:36:00,THA125619424,Phuket,SHP000416
TRK000417,Out for Delivery,2024-07-16 15:54:00,FLA370340461,Suvarnabhumi Airport Hub,SHP000417
TRK000418,In Transit,2022-03-22 12:49:00,THA418503769,Khon Kaen,SHP000418
TRK000419,Processing,2022-02-14 21:17:00,THA943139300,Suvarnabhumi Airport Hub,SHP000419
TRK000420,Delivered,2022-02-11 15:07:00,THA483092490,Nonthaburi,SHP000420
TRK000421,Returned to Sender,2023-11-27 14:49:00,KER773411393,Distribution Center Bangkok,SHP000421
TRK000422,Processing,2025-01-07 08:24:00,THA653666654,Bangkok,SHP000422
TRK000423,Returned to Sender,2022-07-31 16:22:00,KER892130391,Suvarnabhumi Airport Hub,SHP000423
TRK000424,In Transit,2023-04-01 18:51:00,FLA397071304,Khon Kaen,SHP000424
TRK000425,Out for Delivery,2024-08-16 18:35:00,FLA313164216,Distribution Center Bangkok,SHP000425
TRK000426,Delivered,2022-09-22 16:24:00,THA649819777,Khon Kaen,SHP000426
TRK000427,Delivered,2024-08-05 17:57:00,THA538185772,Udon Thani,SHP000427
TRK000428,Returned to Sender,2025-03-22 09:01:00,KER723277934,Udon Thani,SHP000428
TRK000429,In Transit,2024-04-22 16:54:00,THA729504853,Udon Thani,SHP000429
TRK000430,At Warehouse,2023-10-23 09:35:00,KER842060085,Udon Thani,SHP000430
TRK000431,Customs Clearance,2022-02-07 14:08:00,KER200588865,Pattaya,SHP000431
TRK000432,At Warehouse,2024-10-25 13:32:00,FLA482554727,Pattaya,SHP000432
TRK000433,Processing,2024-09-17 14:59:00,THA649348824,Udon Thani,SHP000433
TRK000434,Delivered,2025-03-19 08:57:00,KER500950005,Pattaya,SHP000434
TRK000435,Processing,2022-09-10 14:58:00,KER970563775,Suvarnabhumi Airport Hub,SHP000435
TRK000436,In Transit,2023-02-17 18:03:00,FLA709375309,Chiang Mai,SHP000436
TRK000437,Delivered,2022-05-08 12:17:00,KER735783604,Phuket,SHP000437
TRK000438,Out for Delivery,2023-10-01 16:06:00,KER503690913,Hat Yai,SHP000438
TRK000439,Processing,2022-11-14 15:21:00,THA324019168,Chiang Mai,SHP000439
TRK000440,Returned to Sender,2025-09-14 16:27:00,THA717562231,Distribution Center Bangkok,SHP000440
TRK000441,Out for Delivery,2023-08-25 09:20:00,FLA536862878,Chiang Mai,SHP000441
TRK000442,Customs Clearance,2023-06-17 16:28:00,KER826637736,Distribution Center Bangkok,SHP000442
TRK000443,In Transit,2024-06-19 09:03:00,THA360509098,Distribution Center Bangkok,SHP000443
TRK000444,Delivered,2025-03-19 14:30:00,FLA633296089,Distribution Center Bangkok,SHP000444
TRK000445,Returned to Sender,2025-07-19 18:13:00,KER370092722,Khon Kaen,SHP000445
TRK000446,Customs Clearance,2023-11-11 12:46:00,FLA593275308,Udon Thani,SHP000446
TRK000447,Returned to Sender,2024-03-01 18:55:00,FLA743036780,Hat Yai,SHP000447
TRK000448,Delivered,2022-04-04 15:13:00,KER838475853,Bangkok,SHP000448
TRK000449,Processing,2023-12-04 18:09:00,KER166125012,Hat Yai,SHP000449
TRK000450,Delivered,2023-09-01 14:37:00,FLA146873964,Distribution Center Bangkok,SHP000450
TRK000451,Processing,2022-04-30 17:49:00,THA218943456,Nonthaburi,SHP000451
TRK000452,In Transit,2025-05-04 17:05:00,KER256295600,Nonthaburi,SHP000452
TRK000453,In Transit,2023-09-04 20:10:00,KER980454251,Phuket,SHP000453
TRK000454,Processing,2024-01-23 18:38:00,FLA598901826,Pattaya,SHP000454
TRK000455,Processing,2023-04-19 19:57:00,KER701644420,Suvarnabhumi Airport Hub,SHP000455
TRK000456,At Warehouse,2025-04-11 16:06:00,FLA232208981,Udon Thani,SHP000456
TRK000457,In Transit,2023-10-17 14:15:00,KER221174699,Pattaya,SHP000457
TRK000458,Customs Clearance,2025-09-11 11:35:00,THA887490942,Bangkok,SHP000458
TRK000459,Delivered,2024-07-10 19:23:00,FLA673811933,Pattaya,SHP000459
TRK000460,In Transit,2022-01-20 12:53:00,FLA579310778,Udon Thani,SHP000460
TRK000461,Returned to Sender,2022-10-15 09:33:00,FLA166057572,Pattaya,SHP000461
TRK000462,In Transit,2024-03-25 14:15:00,FLA923583402,Distribution Center Bangkok,SHP000462
TRK000463,Delivered,2024-04-25 09:49:00,FLA417079539,Pattaya,SHP000463
TRK000464,At Warehouse,2024-03-21 14:30:00,THA800881675,Phuket,SHP000464
TRK000465,Delivered,2023-04-21 13:55:00,KER369893612,Pattaya,SHP000465
TRK000466,Out for Delivery,2022-02-13 18:19:00,FLA820179761,Suvarnabhumi Airport Hub,SHP000466
TRK000467,Out for Delivery,2023-07-29 11:55:00,KER879192910,Suvarnabhumi Airport Hub,SHP000467
TRK000468,At Warehouse,2024-03-29 12:11:00,FLA977131143,Phuket,SHP000468
TRK000469,In Transit,2022-07-15 12:15:00,THA338661232,Chiang Mai,SHP000469
TRK000470,In Transit,2024-10-20 17:58:00,FLA674336181,Khon Kaen,SHP000470
TRK000471,Delivered,2022-02-27 12:43:00,THA686115756,Bangkok,SHP000471
TRK000472,At Warehouse,2022-04-02 20:01:00,KER522391563,Hat Yai,SHP000472
TRK000473,Returned to Sender,2022-07-03 20:52:00,THA671443885,Hat Yai,SHP000473
TRK000474,Processing,2022-03-30 11:49:00,KER281801630,Phuket,SHP000474
TRK000475,Out for Delivery,2025-06-07 15:23:00,KER433446552,Udon Thani,SHP000475
TRK000476,Returned to Sender,2022-06-27 12:00:00,KER517416782,Khon Kaen,SHP000476
TRK000477,Processing,2024-01-10 09:06:00,THA838414619,Pattaya,SHP000477
TRK000478,Out for Delivery,2024-08-14 14:13:00,KER208039726,Suvarnabhumi Airport Hub,SHP000478
TRK000479,Processing,2025-05-06 15:59:00,KER198815158,Pattaya,SHP000479
TRK000480,At Warehouse,2025-04-11 11:55:00,KER155147779,Nonthaburi,SHP000480
TRK000481,Processing,2023-05-28 10:54:00,KER418935606,Hat Yai,SHP000481
TRK000482,Customs Clearance,2022-02-05 08:48:00,FLA743513228,Chiang Mai,SHP000482
TRK000483,Out for Delivery,2022-03-21 18:19:00,KER628323712,Nonthaburi,SHP000483
TRK000484,Processing,2024-12-27 12:05:00,FLA335105067,Pattaya,SHP000484
TRK000485,At Warehouse,2025-10-23 16:39:00,THA976275800,Khon Kaen,SHP000485
TRK000486,Delivered,2022-09-07 12:09:00,THA673137539,Pattaya,SHP000486
TRK000487,In Transit,2024-03-16 16:23:00,FLA398770063,Khon Kaen,SHP000487
TRK000488,Out for Delivery,2025-05-01 11:59:00,THA804307768,Hat Yai,SHP000488
TRK000489,Customs Clearance,2022-01-17 11:14:00,KER758136592,Pattaya,SHP000489
TRK000490,Returned to Sender,2024-05-17 13:20:00,THA634087887,Chiang Mai,SHP000490
TRK000491,Out for Delivery,2022-08-02 14:44:00,FLA948138750,Udon Thani,SHP000491
TRK000492,Returned to Sender,2024-12-01 21:21:00,THA534783438,Khon Kaen,SHP000492
TRK000493,Processing,2025-01-30 08:43:00,FLA888627813,Distribution Center Bangkok,SHP000493
TRK000494,At Warehouse,2023-12-12 12:15:00,FLA106623046,Hat Yai,SHP000494
TRK000495,Out for Delivery,2025-09-30 17:39:00,KER908388223,Suvarnabhumi Airport Hub,SHP000495
TRK000496,Delivered,2025-09-11 11:47:00,THA980894228,Udon Thani,SHP000496
TRK000497,Processing,2024-09-17 18:44:00,KER517045592,Hat Yai,SHP000497
TRK000498,Delivered,2025-02-15 09:01:00,FLA540879106,Hat Yai,SHP000498
TRK000499,Processing,2023-02-06 18:12:00,FLA234979973,Distribution Center Bangkok,SHP000499
TRK000500,Returned to Sender,2025-09-15 14:18:00,KER907203147,Hat Yai,SHP000500
